"65","1107","1","Trial in whether"
"65","451","4","Teach dream discussion"
"65","576","5","Major instead pick"
"65","1316","1","Name manage wife"
"65","1163","5","Fill center nothing"
"23","975","5","Author record young"
"23","453","5","Remember benefit read"
"23","1828","5","Least most college produce"
"23","1415","2","Level during experience"
"23","1000","1","Artist rate cost"
"23","721","2","Drop country rise"
"23","804","1","Structure during computer especially"
"23","175","5","Explain perhaps fight better"
"23","396","1","Difficult box yes"
"23","1457","5","Occur possible conference political"
"23","406","3","Seek raise"
"23","109","2","Church message example bar"
"23","65","1","Exist listen"
"23","1538","3","Then total"
"23","132","4","Account listen young"
"23","1590","3","Home thousand big fact entire"
"23","1819","4","Although address we development"
"23","691","4","Strategy vote"
"23","807","2","Share leg yeah"
"23","1402","3","Serve middle leave interest"
"23","1846","1","Military education job"
"13","1492","3","Traditional how public"
"13","1147","4","Stand final lay"
"13","1920","2","Discover type forward"
"13","223","4","Democrat ok attention figure"
"13","1178","5","Become wonder"
"13","1721","3","Ground produce certain really defense"
"13","997","3","Care dog"
"13","629","2","Make do free"
"13","1047","2","Direction network house allow difficult"
"13","1027","1","Hope give ahead coach"
"13","1455","1","Property new recently because project"
"13","1444","1","Back of"
"13","263","2","Theory American"
"13","1398","1","Wife forward evening"
"13","998","3","Leg former media writer"
"13","277","1","Director arrive"
"13","1985","2","Only say friend possible"
"13","439","1","Animal cover"
"13","1321","3","Big buy use"
"13","357","2","Ten establish present why our"
"72","118","1","Relationship seem can"
"72","48","1","House rise choose their"
"72","960","3","Interesting commercial color"
"72","1490","3","Morning general ball"
"72","191","1","Nearly standard during name may"
"72","308","1","Image stop watch"
"72","1294","4","Fire learn activity red toward"
"72","1197","1","Fear student own"
"72","335","3","Truth reduce interesting"
"72","752","3","Technology speech can face old"
"72","1028","3","Mind but energy"
"35","1262","3","Senior raise probably say than"
"35","1607","1","Court everyone himself"
"37","148","4","Ok newspaper top however friend"
"37","717","1","Church way game success"
"37","1797","3","Realize base institution home enough"
"37","747","2","His art glass section"
"37","75","1","Eat often"
"37","1673","5","Message must respond"
"37","1893","2","Fall themselves training high"
"37","1962","5","Risk read us produce"
"37","483","4","Growth serve son"
"37","1370","4","Million wish source many"
"37","535","4","Road prepare stage tough"
"37","783","5","When soon soon"
"43","1431","1","Church painting leg attention such"
"43","1165","1","Tell policy position"
"43","1208","1","Bank table point"
"43","1284","5","Itself commercial"
"43","1858","5","For fall he she red"
"43","375","3","Either especially"
"43","1627","2","Nation six budget general"
"43","782","2","Business run"
"43","1206","4","At expect offer personal pattern"
"43","1770","3","Point participant how lot lawyer"
"43","214","2","Final why receive"
"43","1066","3","Sister let everyone"
"43","1548","1","Hotel air"
"43","954","4","Not movement night"
"43","1665","2","Among your they position foot"
"43","1890","2","Continue rich themselves create point"
"43","1051","5","Send tend support himself trip"
"14","1839","3","Big speech thought song"
"14","1764","1","Rich along"
"14","1411","4","Good certainly front add despite"
"14","1439","1","Peace walk sure together"
"14","1237","5","Foreign stand choose"
"14","1317","5","Culture yeah others it"
"14","325","1","Year these"
"14","1453","1","Enter economic"
"14","391","4","Son human"
"14","1521","4","Lot politics add"
"14","780","2","Example expect front prevent"
"14","1886","4","Instead firm few"
"14","1293","5","Discussion else hit able"
"14","1768","1","Property tax"
"25","767","4","But daughter"
"25","1146","3","Value stock teach evening radio"
"25","1966","5","Create street wait science"
"25","1378","5","Decide clearly Congress easy"
"25","1636","1","Need scene"
"25","1059","1","Arrive go stay might point"
"25","576","4","Lay size"
"25","599","3","Evidence others rather the"
"25","1799","5","Rock out"
"25","1698","5","Usually already morning couple"
"25","356","2","Cut early appear"
"25","174","5","Very get book door"
"25","1605","4","Must include support explain admit"
"9","156","2","At nearly according be part"
"9","1454","4","Concern democratic claim"
"9","444","1","Under wind country"
"9","1045","4","Suddenly throughout out"
"9","393","3","Medical together"
"93","893","5","Media consumer prepare"
"93","301","3","Or decide out require"
"93","26","5","Protect success understand"
"93","1353","3","Together too three whose"
"93","160","5","Use writer"
"93","429","5","Heavy politics material when"
"93","277","5","Gas safe"
"93","1113","2","There own agent thank add"
"93","1606","2","Shake apply determine"
"93","506","1","Continue movement pull"
"93","1688","1","Despite artist have theory"
"93","638","4","Relationship believe build year"
"50","1844","1","Others class stage"
"50","1766","4","Also Democrat how wear"
"50","1037","5","Eat case school seem"
"50","220","2","Box relationship mother toward"
"50","1499","1","Occur including"
"50","163","5","Girl eight play camera"
"50","1849","5","Order today itself"
"50","1695","2","Poor spend"
"28","1142","1","Sort paper kind think"
"28","1328","1","Picture choice stock base"
"28","1729","2","Edge choice threat already former"
"28","763","3","Ready religious head"
"28","1884","3","Their bad agent foot"
"28","827","5","Think write"
"28","1509","2","Those half alone memory"
"28","897","2","Response follow ability"
"28","597","1","Support with and opportunity senior"
"28","867","3","Quickly almost audience"
"28","336","3","Clear concern"
"28","1495","2","Around culture catch"
"28","332","4","Conference data"
"28","932","2","Leave since writer always"
"28","1034","4","Possible economy service"
"28","659","3","Voice suddenly check"
"28","672","3","Middle movement wrong"
"28","441","3","Nature edge"
"28","1396","4","Success five religious operation"
"28","941","4","Available example north single open"
"28","50","1","Every the her"
"28","1902","4","Parent or share policy"
"28","1861","3","Fine and"
"28","1381","4","Mr fight"
"5","399","3","Should always arrive"
"5","1175","4","Somebody security large Mr"
"5","830","5","Establish risk listen second for"
"5","1729","5","Investment effort recognize support small"
"5","1461","4","Heart two"
"5","263","3","Discussion positive important ten"
"5","321","4","Medical until"
"7","283","4","School body party blue"
"7","1990","2","Prevent would Congress"
"7","1073","3","Morning window participant should rather"
"7","485","4","Begin region hotel"
"7","1479","2","Affect second course"
"7","1095","1","Executive page but"
"7","489","2","Agreement write"
"7","1055","2","Standard instead visit everyone"
"7","1795","4","Care down state"
"7","1122","4","Son himself talk"
"7","1284","1","Those society"
"7","1224","3","Professional great apply"
"8","966","2","Future call heart election"
"8","1181","4","Store garden cut letter expert"
"8","408","1","Play record event fill until"
"8","1928","3","Whose center sort avoid see"
"8","101","3","Drop figure most"
"8","204","1","Sport strategy education"
"8","705","5","Dream east ok street"
"8","755","3","Sing just room wife"
"8","564","2","Different decide fast most"
"20","1919","2","Course who collection"
"20","935","1","Scene peace program school phone"
"20","663","4","Remember bag physical effect"
"20","390","4","Kind ground over change"
"20","1811","1","Lot prevent"
"20","1901","1","Game note candidate"
"20","660","3","Others cold approach"
"20","594","2","Focus issue imagine agency agree"
"20","842","3","Assume billion off book agency"
"20","27","1","Without never admit"
"20","782","1","Dream sing have"
"20","573","2","Yeah population law"
"20","124","4","Available meet just"
"20","1786","5","Who similar"
"20","1385","3","Degree do store"
"20","985","2","Any resource"
"20","904","5","Civil save"
"20","1843","2","Group lead"
"73","1259","5","Television carry travel themselves"
"73","1080","4","Occur picture"
"73","29","2","Strong sit success firm well"
"73","1823","2","A hot year recently"
"73","1640","2","Station create drop fight"
"73","13","2","Reality rate"
"73","674","2","Ten by"
"73","431","1","Of western production they"
"73","375","5","Tv degree protect nation"
"73","1979","5","Subject agency general"
"73","1668","3","Forget consumer campaign"
"73","231","4","Security baby police"
"73","828","4","Late peace mean"
"73","757","4","Play day start mother TV"
"73","70","4","Season indicate brother science"
"76","1912","2","Drug couple nothing program impact"
"76","968","1","Politics begin often"
"76","363","3","Join film business"
"76","144","3","Unit government radio manage"
"76","489","3","Plant positive"
"76","140","1","Again ten chance Republican machine"
"76","1252","4","Fire sign me order"
"76","1574","3","Operation computer throw campaign"
"76","69","3","Involve gas"
"76","1630","3","Staff study analysis cell"
"76","1075","5","By production just"
"76","79","3","Buy road"
"76","938","3","People serious street"
"76","1066","3","Already apply ago senior"
"76","393","2","Majority nature part"
"76","1946","3","Commercial point civil system"
"76","1546","5","Hot police range"
"30","671","2","Her clear measure national"
"30","784","4","Break apply soldier"
"30","994","3","Effect billion product require"
"30","491","5","Support be"
"30","162","1","It final"
"30","1123","1","Space rest exist"
"67","1543","3","Our onto much garden"
"67","1710","3","No road majority"
"67","406","3","Trial each best everyone"
"67","637","3","Help bit"
"67","1567","3","Fact stop"
"67","82","5","Fear by"
"67","1703","2","Design today paper key modern"
"67","44","2","Us eat why voice"
"67","1210","3","Hold organization business under relate"
"67","1992","1","Player kid someone American"
"67","705","2","Share court far"
"67","101","4","Responsibility happy kitchen"
"67","164","1","Partner environment its like draw"
"67","889","1","Remember contain art sure six"
"67","1371","1","Unit feeling speech soldier"
"67","14","3","Various impact"
"67","421","1","Eye window account measure"
"67","1969","4","Tell wide"
"67","1024","3","Be material human debate value"
"67","648","5","Left drug effect prepare seven"
"67","334","3","Mind address have"
"69","991","3","Against have own vote"
"69","818","2","Someone form local"
"69","75","1","Event myself whatever group participant"
"69","1332","1","Control edge car various"
"69","722","1","Parent significant citizen position"
"69","994","5","Bad strong argue serious road"
"69","1968","2","Cut time hold sure"
"69","1100","1","Sing event type watch"
"69","719","1","Financial glass personal apply"
"69","1815","1","Up return large center"
"69","1056","1","Entire we road relate your"
"69","1019","2","Suffer follow"
"69","1373","3","Within thus pull"
"69","1026","5","Strong bill professor lot himself"
"1","1046","2","Effect wonder free trial"
"1","1989","3","Make growth today"
"1","427","4","Debate special"
"1","923","5","Realize hair local never take"
"1","1366","4","Name address bad respond"
"1","708","3","Head material team direction"
"1","548","3","Expert eat respond floor"
"1","744","4","Husband candidate level"
"1","1745","3","About must into fight seek"
"1","942","5","Discussion option father"
"61","377","3","Dark investment son condition collection"
"61","76","3","Child left and live"
"61","183","3","College effect never appear significant"
"3","602","3","Serve try so"
"3","1484","3","Course foot bank message"
"3","569","3","Campaign land"
"3","217","5","Debate poor you prepare"
"3","891","2","Understand community at detail road"
"3","696","3","Development message who"
"3","892","3","Argue range assume"
"3","1424","2","They sound miss"
"3","1176","3","Serious himself relationship"
"3","977","2","Inside process near"
"3","86","4","Chance admit"
"3","90","5","Marriage spend must each"
"3","871","5","Stage cell with trial"
"3","1507","4","Wonder huge though contain"
"3","1360","1","Contain capital back seem"
"3","1650","4","Hour occur TV if toward"
"3","289","5","Picture place social turn"
"3","1458","5","Radio price find"
"3","1138","3","Effect go"
"3","796","2","Large anyone step again race"
"3","1516","1","Rise may"
"3","1678","1","Much sit production ahead"
"3","1953","1","Avoid nothing"
"3","1217","4","Stop there east"
"3","1367","4","Economic analysis operation popular"
"3","1937","1","Ready upon significant board degree"
"3","1022","1","Interesting store once"
"3","1450","1","Tell class up young instead"
"36","951","5","Theory listen"
"36","1926","3","Relationship meet sister"
"36","145","5","Hand group exist rate indeed"
"36","310","1","Wrong green identify direction forget"
"36","395","4","Something station money certain relate"
"36","1040","4","Source from toward moment explain"
"36","342","1","Into fall official listen standard"
"36","393","1","Model ready"
"36","1898","2","Offer if drive party"
"36","704","3","Which simple newspaper"
"90","1753","1","Clearly story anything"
"90","961","2","At popular people Mr"
"2","10","1","Career face each space"
"2","389","3","Have authority my"
"2","1594","3","Memory him"
"2","304","1","Own doctor"
"2","383","1","Next unit us card"
"2","1507","2","Notice each listen"
"2","1179","5","Loss experience every"
"2","48","3","Mr material responsibility else"
"26","1980","3","It study"
"26","640","2","Fill bad resource grow"
"26","1452","2","Already family final hear nature"
"26","984","5","Movie itself"
"26","1193","4","Receive daughter building near prevent"
"26","1910","1","Way office individual step"
"26","1210","1","Prove become either miss"
"41","195","2","Too successful although expect"
"41","1233","5","Couple its nor exist"
"41","994","3","I land play generation baby"
"41","227","1","Already mission per"
"41","239","4","Indicate office dog receive"
"41","708","2","True stay hospital"
"41","1636","3","Outside least soldier include end"
"41","1497","2","Enough size either"
"27","1726","1","Or might animal"
"27","1326","4","Very understand care"
"27","1482","5","Bill chance decade"
"27","1274","1","Five thus focus environmental"
"27","1455","4","Subject according feel"
"27","1565","1","Issue long medical within remember"
"27","210","5","Full degree summer"
"27","1255","4","Much sport arm lead"
"27","1239","3","Property trouble actually"
"27","197","2","Season hard likely line"
"95","791","5","Behavior front"
"95","922","1","Baby visit"
"95","785","5","Population lose stock discover everybody"
"95","856","5","Admit house general capital"
"95","1079","5","Pass sure"
"58","1395","2","Through easy civil body"
"58","1008","2","Customer call series"
"58","1923","5","Home again down before hotel"
"58","686","3","Away race professional"
"58","1377","3","Bag hear"
"58","1031","2","Whose test"
"58","1086","4","Hear decide"
"63","914","5","Impact want recognize"
"63","1996","2","Suffer enjoy add play"
"63","141","4","Ability message third simple"
"63","1137","1","Pull former west"
"31","541","5","Happen about"
"86","1125","4","Condition career read box"
"86","1887","2","Town strong inside"
"86","54","3","Teacher example federal Mr"
"75","172","2","Federal open fly dream draw"
"75","126","3","Truth bit force"
"75","1247","2","At figure force industry"
"75","1708","3","Believe seek"
"75","810","4","Minute fact everyone"
"75","853","2","Ball expert actually base cup"
"75","1031","3","Trouble compare"
"75","1562","5","Subject former line yeah"
"75","1749","5","Name human style movie"
"47","1402","5","Start heavy skill"
"47","1527","4","Product support artist series"
"47","864","1","Parent large voice occur"
"47","1941","1","Story marriage"
"47","536","5","Realize stock international"
"47","576","5","Theory care five"
"47","1375","4","Source natural"
"47","1695","3","Worker ability newspaper by"
"47","208","3","Today performance thus"
"21","1696","5","Window risk record big"
"21","1203","5","Set less feeling expert"
"21","5","1","Trade save"
"21","501","4","Possible rather wear us whole"
"21","101","5","Behavior skin"
"21","17","2","Discover will"
"21","1360","4","Would Republican"
"21","1582","1","Woman base"
"96","426","3","Single if"
"96","1551","3","Southern language later exist"
"96","339","2","Analysis wait nature cut"
"96","753","4","Thing second thing little"
"64","564","4","Central best"
"64","264","3","Husband professor will charge night"
"64","1785","5","Realize area something"
"6","1272","2","Above front three evidence"
"6","1995","4","Democrat manage"
"6","1484","1","Sit trouble collection"
"6","1684","1","Watch war"
"6","703","4","Military those course into end"
"6","366","2","See year this"
"6","910","3","Himself ever leg every go"
"6","1418","5","Chair may nation"
"6","671","3","Ago star beyond too recognize"
"6","815","4","Must present everybody front when"
"6","1360","1","Radio player other stay assume"
"57","652","1","Everybody majority"
"57","1163","3","Ability why home"
"57","847","4","Law but development"
"57","135","5","Worry cut popular appear theory"
"57","199","2","Meet including get likely"
"57","676","4","Beautiful above question thought"
"57","718","3","Price long believe"
"57","171","1","Successful me team my"
"57","21","3","Happy this detail land"
"10","516","4","Develop authority among reflect"
"10","999","1","Keep whatever amount speech"
"10","1065","4","Understand compare beyond thought"
"10","1748","2","Hospital security"
"10","1848","3","Common thing"
"10","556","3","Notice American able friend"
"10","1130","2","Place within economic state most"
"10","1751","3","Fill cause nice"
"10","1440","1","Receive many"
"10","684","2","Bed thousand day evidence parent"
"10","863","1","International be almost theory mind"
"10","1892","4","Play party after friend"
"10","1110","4","Artist maintain organization majority stop"
"10","1970","2","Phone civil and"
"45","848","1","Its actually include less"
"45","1827","4","Authority seek plan"
"45","1502","1","Special ago memory"
"45","1724","4","Choose around nature"
"45","1150","3","Seven huge task another best"
"45","1257","4","Popular lawyer hold voice"
"45","1094","1","Practice positive"
"45","1092","2","Late leader citizen"
"45","1528","2","Culture very I knowledge policy"
"45","1037","3","Store seven shoulder ground"
"56","306","4","Drug star"
"56","552","1","Effort reach right"
"55","263","5","Phone play place common"
"55","122","4","Reality hot"
"16","568","3","Dinner tell walk"
"16","634","5","Computer public fast light"
"16","1777","2","Well discover pretty"
"16","1251","2","Since phone clearly"
"16","1070","3","Business suggest protect painting if"
"16","1970","1","That indicate along rather"
"16","1829","1","Quickly issue produce no"
"16","881","5","Style list figure test"
"16","36","2","Low tonight"
"16","1582","5","Watch whose upon understand method"
"16","831","1","Stock represent his"
"16","205","1","Difficult lawyer along"
"16","1399","5","Read necessary attorney little agree"
"16","991","3","Tell goal use"
"16","235","5","Page media camera"
"66","1471","4","Computer commercial here serious"
"66","461","5","Else own"
"66","1010","2","List home prove"
"66","1201","4","Present almost necessary share"
"66","1017","1","Result hit building get"
"66","1372","5","Ball concern ever"
"66","1159","2","Room meet individual"
"66","1087","2","Save style space mind"
"66","404","5","Reach board pick together about"
"66","1101","2","Show either accept play"
"66","1894","2","Resource live leader"
"66","1329","5","If tough relate foot"
"38","1943","2","Laugh develop owner face"
"38","454","3","Collection help society"
"38","1725","4","Language race he represent so"
"38","1751","5","Way politics"
"38","784","2","Hospital enjoy truth"
"38","1958","4","Whom close compare establish senior"
"38","1652","3","Degree discussion point"
"38","1587","3","Hour involve these gas"
"38","1833","2","Tough instead small"
"38","1218","5","Indeed likely especially"
"29","805","4","Worry toward bill"
"29","831","4","News yes player bit"
"29","375","4","Mrs foot"
"29","928","5","Bank dinner federal people song"
"29","533","5","Care manage white talk name"
"29","276","4","Ask him east dark authority"
"29","620","4","Security rest"
"39","1377","3","Necessary authority black Republican"
"39","215","1","Seven student military success past"
"39","1774","2","Sea three anyone old"
"39","1755","5","Next serious myself"
"80","1664","2","Reveal kind join paper"
"80","1772","2","Affect guess thank both"
"81","1210","4","Join season grow"
"81","340","2","Western laugh game"
"81","134","3","My writer would"
"81","737","1","Option or sort key history"
"81","399","5","Conference wide"
"81","1605","5","Yard career beautiful history"
"81","1877","2","Form level mother large exactly"
"60","1425","2","To boy child moment"
"60","565","5","Begin grow throughout soldier"
"60","1542","5","Draw thought probably"
"49","43","2","Theory with action"
"49","478","3","Word until may light"
"49","889","3","Find try right full"
"49","1059","2","Company however war once even"
"49","1917","3","Trouble program"
"49","898","3","Fight performance fish"
"49","1280","2","Television ahead car center"
"49","951","5","Thank message"
"49","43","5","Must white green research face"
"49","1100","4","Various yourself situation"
"49","448","1","Large card race black idea"
"49","733","3","Sometimes choice"
"49","671","3","Rise response water"
"49","460","5","Material center effect"
"49","164","2","They herself relationship specific"
"49","171","4","Community spend fast debate"
"68","1372","4","Check PM consider"
"68","1148","4","Including else message"
"68","853","1","Sing call good"
"68","604","4","Open power social"
"68","1918","1","Respond positive question Mr attorney"
"78","1252","1","School state"
"78","665","1","Possible color painting them"
"78","114","2","Item own"
"78","80","1","Play difficult enjoy like"
"78","601","4","Case north"
"78","286","5","Small century lot"
"78","1919","2","Someone history recent kitchen"
"78","1722","3","Send professional"
"78","1250","1","Pull town art"
"78","689","3","School whether"
