"0","0","1","1998-04-29 13:50:32","Then total","3"
"1","0","2","2002-01-21 23:23:22","Senior worry","2"
"2","0","3","1998-12-30 21:41:12","Home thousand big fact entire","3"
"3","0","4","1975-05-07 02:16:12","Later hand","4"
"4","0","5","2022-01-04 11:11:51","Book cost record really","2"
"5","0","6","2020-08-13 10:11:06","Decision southern full more","2"
"6","0","7","1999-09-09 11:46:26","Interest as military education","4"
"7","0","8","1997-11-18 10:16:15","Start traditional how public","1"
"8","0","9","2002-01-03 19:57:43","Final lay deal democratic","2"
"9","0","10","1990-10-21 16:32:51","Race Democrat ok attention","3"
"10","0","11","2004-09-13 10:17:34","Bit away matter send race","5"
"11","0","12","1991-02-25 09:03:59","Upon half oil","3"
"12","0","13","1986-04-30 18:35:30","Country not sell","1"
"13","0","14","1985-06-30 20:29:15","Do free citizen","4"
"14","0","15","2000-09-10 02:09:56","Important bar very some safe","2"
"15","0","16","1971-03-06 20:37:28","Wonder represent production place","4"
"16","0","17","1975-04-25 01:57:43","Recently because project assume","5"
"17","0","18","1972-04-25 03:11:24","Quickly agency benefit","5"
"18","0","19","2004-06-24 16:46:23","Forward evening ground leg former","2"
"19","1","1","1994-01-20 17:26:34","Answer Mrs","2"
"20","1","2","2021-06-23 04:11:04","Only say friend possible","2"
"21","1","3","1993-07-10 12:25:27","Animal cover","1"
"22","1","4","1999-10-09 05:43:45","Example have","2"
"23","1","5","1971-09-18 01:32:02","Ten establish present why our","2"
"24","1","6","1983-11-03 16:15:27","Seem can worry likely","2"
"25","1","7","2015-06-02 02:35:07","Line happy room","3"
"26","1","8","1990-02-24 21:01:12","Interesting commercial color","3"
"27","1","9","2007-05-16 07:59:53","Stage reach religious mention audience","2"
"28","1","10","1986-09-07 04:54:26","Name may receive","2"
"29","1","11","1991-05-26 20:47:43","Stop watch seat pull","4"
"30","1","12","1990-11-02 21:11:36","Here quite toward physical","2"
"31","1","13","2011-08-07 07:09:22","Student own evening collection course","3"
"32","1","14","1989-09-30 10:43:21","Even technology speech can","4"
"33","1","15","1987-10-29 21:25:03","Present mind but","5"
"34","1","16","2020-02-17 12:41:32","Note effort never","5"
"35","1","17","1996-05-09 06:25:10","Wish care own","1"
"36","1","18","2021-11-29 02:24:59","Type message despite outside","4"
"37","1","19","1997-06-28 07:33:16","Friend piece unit system","4"
"38","2","1","2003-02-24 04:03:28","Way game","2"
"39","2","2","1986-09-29 00:43:46","Realize base institution home enough","3"
"40","2","3","1973-02-19 04:52:19","Baby fish investment dog","4"
"41","2","4","2006-10-26 09:58:33","Often wind contain","2"
"42","2","5","1972-08-19 23:57:11","Marriage important wrong","4"
"43","2","6","2016-11-02 20:33:43","They soldier then risk","4"
"44","2","7","1981-03-22 03:43:16","Produce include then","1"
"45","2","8","2001-04-04 18:03:22","Serve son","3"
"46","2","9","2014-04-21 08:08:38","Culture would there their lose","3"
"47","2","10","1988-10-06 14:06:19","Score relate when soon","3"
"48","2","11","1971-03-08 12:34:42","Church painting leg attention such","1"
"49","2","12","2019-02-04 01:39:29","Policy position pull choice","2"
"50","2","13","1989-12-10 18:18:05","Act answer effort open for","4"
"51","2","14","1978-11-21 10:21:08","Film either especially","3"
"52","2","15","1978-04-13 15:39:14","Lot put dinner American difference","3"
"53","2","16","2002-04-14 20:01:33","Up my little century","1"
"54","2","17","2011-06-08 08:23:02","Finally situation point","5"
"55","2","18","2014-04-03 07:45:36","Other break cover success","2"
"56","2","19","1987-01-11 09:43:39","Population finish me","3"
