"0","16","1071","2010-10-05 12:59:53","Civil senior worry likely","2",""
"1","16","1673","1985-10-17 17:50:33","Imagine range","2",""
"2","16","483","2014-08-02 17:43:23","Hand bad","4",""
"3","16","535","1995-06-12 08:18:26","Really share leg","2",""
"4","66","977","1991-10-27 14:34:15","Military education job","1",""
"5","66","1360","1985-09-10 15:21:48","Investment late tend","5",""
"6","38","966","1975-02-19 20:12:27","Most above movie thousand bit","2",""
"7","38","1037","1986-01-07 14:35:31","Oil financial care","3",""
"8","38","1543","1984-12-12 14:39:35","Fact indeed point night","2",""
"9","38","637","1993-09-18 09:15:24","Some safe late","1",""
"10","38","1567","2002-09-14 11:56:14","Place admit","2",""
"11","38","922","2016-03-26 03:24:14","Assume back of","1",""
"12","38","785","1984-05-04 15:59:05","American alone","1",""
"13","38","1079","1974-07-19 05:51:44","Hair important them central","3",""
"14","47","99","1992-10-11 11:44:22","Arrive remain third only say","2",""
"15","47","468","1993-07-10 12:25:27","Late I","1",""
"16","69","1586","1988-06-05 12:26:27","Buy use car","1",""
"17","69","65","1976-06-25 08:38:30","Author close how again easy","5",""
"18","3","651","2015-06-02 02:35:07","Line happy room","3",""
"19","29","1729","1993-05-29 23:13:39","Commercial color son certainly","4",""
"20","29","763","2017-05-11 02:23:52","Nearly standard during name may","1",""
"21","29","1884","2006-05-09 03:21:07","Friend bit staff light","2",""
"22","29","876","1990-11-02 21:11:36","Activity red toward arrive","4",""
"23","29","1229","1982-12-28 01:58:02","Evening collection","5",""
"24","29","1996","1987-04-24 05:29:27","White present mind but energy","3",""
"25","29","1137","1996-05-09 06:25:10","Care own","2",""
"26","39","802","1977-06-11 02:05:34","Top however friend piece unit","5",""
"27","39","13","2017-02-21 07:51:31","Game success foreign","1",""
"28","39","674","1975-03-19 03:54:24","Sort agent long instead","4",""
"29","39","431","1984-05-21 15:00:11","Investment dog animal financial","3",""
"30","39","375","1972-08-19 23:57:11","Leader why use marriage important","5",""
"31","39","705","2022-08-22 12:06:01","World whom growth serve","2",""
"32","39","1210","2001-10-07 00:43:59","Lose understand whom few","4",""
"33","39","340","2001-07-07 10:31:47","Wrong myself describe","4",""
"34","39","134","2015-10-08 00:10:59","Tell policy position","1",""
"35","39","737","2012-04-11 07:44:16","Return likely","2",""
"36","39","399","2006-02-24 14:53:06","Commercial safe","4",""
"37","80","1550","1978-11-21 10:21:08","Either especially","3",""
"38","81","1500","2013-05-01 18:55:28","American difference business run","2",""
"39","81","1479","1981-01-20 23:51:54","Century listen southern","4",""
"40","81","489","1989-11-11 00:11:10","Lot lawyer each put practice","4",""
"41","60","390","1996-01-11 17:03:28","Hotel air","1",""
"42","60","1901","1996-06-25 09:49:45","Cell message","5",""
"43","60","594","2009-09-17 06:35:26","Continue rich themselves create point","2",""
"44","60","842","1978-11-13 23:16:15","Trip have big","4",""
"45","60","320","2009-10-24 22:32:51","Along hold song","1",""
"46","60","725","2012-02-12 01:28:16","Drive newspaper tax six","1",""
"47","7","1259","2022-08-20 02:56:29","Stand choose national","3",""
"48","7","29","1974-03-15 06:00:51","This enjoy boy former PM","4",""
"49","7","1640","2013-09-10 07:53:36","Long son human lead lot","2",""
"50","7","994","2014-09-16 05:37:43","Look woman result","3",""
"51","7","1968","2007-06-26 13:37:22","Instead firm few","4",""
"52","7","719","2006-03-05 13:40:02","Hit able among agent charge","3",""
"53","7","1056","2005-11-13 19:22:04","Daughter fear newspaper","1",""
"54","7","1019","2014-12-02 15:55:12","Among material work","3",""
"55","7","1026","1976-01-15 08:24:10","Firm though over why","4",""
"56","73","1912","2011-07-24 17:34:52","Scene whether movie possible age","5",""
"57","73","426","2010-07-26 23:01:46","Feeling evidence others rather the","4",""
"58","73","1551","2017-12-02 00:43:44","Until hit heart list camera","2",""
"59","73","339","2008-09-28 09:46:37","House point than","2",""
"60","6","175","2012-11-23 15:35:28","Door seem","1",""
"61","6","109","1970-06-21 14:29:06","Station not maintain","1",""
"62","72","671","1972-02-20 16:18:21","World matter concern democratic claim","5",""
"63","72","784","2010-05-24 23:42:34","Great seven color","5",""
"64","72","994","1971-06-12 12:03:23","Six final medical","5",""
"65","72","491","1986-01-05 10:28:46","Consumer prepare hear forget","5",""
"66","72","162","2010-09-02 01:19:27","These require tell may drive","4",""
"67","72","101","1990-03-30 04:21:22","Window firm writer","5",""
"68","72","1582","1971-09-10 11:18:30","Purpose certain there own","3",""
"69","25","818","2019-08-29 18:23:02","Stage which shake apply determine","1",""
"70","25","75","2013-04-05 01:12:03","Various fight another","2",""
"71","25","1371","1996-06-24 21:14:20","Population sister","2",""
"72","25","1969","1986-03-20 12:38:02","Although here them","4",""
"73","25","648","1998-08-21 21:55:06","It human yeah local","4",""
"74","93","1046","1996-04-21 10:20:32","Support while knowledge","4",""
"75","93","1989","2001-07-25 12:28:59","Court fast a conference worker","2",""
"76","93","708","1982-04-21 04:02:49","Brother attorney by discussion avoid","3",""
"77","93","548","2013-10-30 15:38:01","Sort paper kind think","1",""
"78","93","744","2007-04-14 10:10:31","Couple phone maintain arrive discuss","4",""
"79","49","377","2017-01-08 03:15:16","Will skill","1",""
"80","49","10","2005-04-16 03:46:41","Good list share thing","3",""
"81","49","389","1993-06-20 15:10:42","President check likely in","2",""
"82","49","1594","2008-03-20 03:07:23","Receive film office strong loss","3",""
"83","49","304","2012-09-22 23:54:21","Throughout able","3",""
"84","49","1507","1974-06-10 11:29:16","Cell collection","5",""
"85","49","1179","2020-10-05 09:46:36","Value east common pretty","2",""
"86","76","1055","2022-11-25 14:38:16","Attorney standard skin huge","5",""
"87","76","1795","1972-04-29 15:33:39","Information possible economy service he","1",""
"88","76","1122","1993-02-11 01:36:10","Middle movement wrong","3",""
"89","76","1284","2008-01-16 00:01:33","Edge product thank","5",""
"90","68","1484","2008-05-31 19:23:17","Interesting one event","5",""
"91","68","217","2016-07-29 07:42:07","In number mouth","3",""
"92","68","696","1996-10-09 22:31:10","Fine and","3",""
"93","68","892","1982-09-24 16:48:22","Fight for serve","5",""
"94","68","1424","1998-05-19 16:44:15","Create them","3",""
"95","68","1176","2019-05-31 07:53:33","Box recent much establish","1",""
"96","28","1703","1985-10-12 18:42:44","Become certain now remember","4",""
"97","28","44","1982-03-31 03:58:23","Ten maintain author","4",""
"98","28","705","1979-11-06 02:05:52","Party blue value","1",""
"99","28","101","1995-01-07 22:35:22","Painting civil phone land","2",""
"100","28","164","1985-12-14 22:37:12","Begin region hotel","4",""
"101","28","889","1989-11-11 18:23:48","Second course book","1",""
"102","28","831","1985-11-03 01:38:38","Individual these agreement","5",""
"103","28","375","1979-02-23 02:40:54","Remember soldier trouble interview","3",""
"104","28","928","2014-02-16 07:14:22","College prepare can data","5",""
"105","28","533","1973-08-22 19:50:43","Free recognize professional great","2",""
"106","28","276","2003-08-16 19:02:41","Coach stay sure seven","4",""
"107","28","69","1988-08-01 20:42:31","Never page defense","4",""
"108","28","1630","1979-08-28 05:36:00","Until week soon officer","3",""
"109","28","938","1987-08-31 20:14:13","Cover happy often","4",""
"110","28","1066","1994-08-01 07:05:59","Strategy education step","2",""
"111","28","393","1999-05-14 23:32:17","Worker other half","3",""
"112","13","951","1979-01-12 22:15:17","Different decide fast most","2",""
"113","13","145","2015-04-13 15:51:03","Wife notice us","3",""
"114","13","310","1972-08-31 02:00:59","Meeting industry hard be yourself","1",""
"115","13","1774","2016-03-10 23:10:09","Word western","2",""
"116","13","1755","2006-03-06 19:38:31","Prevent poor raise consumer accept","4",""
"117","37","1753","1979-12-31 23:10:45","Others cold approach","3",""
"118","75","356","1984-02-06 06:27:05","Next why seat necessary","4",""
"119","78","1509","2007-09-30 18:23:42","Hour all turn she without","1",""
"120","78","597","2000-06-01 17:08:12","Statement dream","1",""
"121","78","336","2014-12-31 01:24:00","Population law","2",""
"122","23","144","1981-07-12 05:36:03","Just measure before seat","5",""
"123","23","140","2018-09-07 10:26:40","Successful catch anyone","2",""
"124","23","1252","2005-09-29 13:52:32","Save computer group lead","2",""
"125","15","640","2012-11-17 15:54:05","Themselves hospital occur","1",""
"126","15","984","2001-01-09 19:06:55","Sit success firm well require","5",""
"127","15","1193","1983-03-29 08:30:11","Year recently color station","4",""
"128","15","1910","1985-09-15 16:03:30","Structure reality rate","3",""
"129","15","1210","1994-06-10 19:00:45","On give show","5",""
"130","0","932","2018-08-28 22:58:47","Tv degree protect nation","5",""
"131","0","1034","1982-07-21 21:48:43","Doctor police","2",""
"132","0","672","2013-06-15 17:15:25","Campaign however security baby","2",""
"133","0","1396","2006-03-20 07:26:15","Father resource however play day","4",""
"134","12","227","2008-08-26 02:09:06","Science sign owner nor","1",""
"135","12","239","2009-06-03 17:40:59","Effect accept politics begin","3",""
"136","12","1636","1977-08-21 05:29:03","Film business style half","4",""
"137","12","135","1999-08-21 16:35:41","Again ten chance Republican machine","1",""
"138","12","718","1975-08-18 01:36:19","President fish perform reality ball","5",""
"139","12","21","2017-05-09 21:42:45","Gas firm","4",""
"140","52","1326","1994-06-08 22:16:28","Short by production just these","2",""
"141","52","1482","1994-05-10 00:11:39","Dark future specific","1",""
"142","52","1565","1994-12-11 23:09:38","Consider item","4",""
"143","52","210","2009-02-19 17:48:18","Dog table live language","2",""
"144","52","1255","2018-02-01 15:51:32","Own religious effect","1",""
"145","52","1239","1983-03-22 03:18:37","While customer cut computer","4",""
"146","52","197","1993-05-12 15:13:18","Agree range","4",""
"147","30","1923","1973-01-25 10:08:55","Require military apply","2",""
"148","30","686","1999-05-23 05:16:37","Similar vote","5",""
"149","30","1086","2003-05-17 13:25:29","Common medical hospital","3",""
"150","70","1516","2010-04-15 07:50:49","Road majority prepare example","5",""
"151","70","1678","1995-09-17 06:53:31","Everyone fast","1",""
"152","70","1953","1970-11-28 22:32:00","Energy fact stop religious vote","1",""
"153","70","1937","2020-06-05 00:48:31","Such where design","2",""
"154","62","541","1986-12-04 20:17:51","Modern door us","4",""
"155","9","1027","2006-04-28 01:03:05","Although late in","2",""
"156","9","536","1987-12-13 14:38:55","Detail employee yes case of","1",""
"157","89","1125","1977-08-24 01:44:11","Partner environment its like draw","1",""
"158","89","1887","2000-12-23 11:32:40","Art sure six quite anything","2",""
"159","14","1247","1988-03-15 13:25:08","Himself song","4",""
"160","14","1708","2012-10-16 14:43:44","Will blood dinner first","5",""
"161","14","810","2007-02-12 09:38:09","That cold note season","4",""
"162","14","1031","2003-05-17 00:43:41","Effect prepare seven effort difficult","2",""
"163","14","1562","2011-09-10 00:08:43","Allow idea society offer","4",""
"164","14","1372","2021-07-30 07:48:02","Whatever follow no often","2",""
"165","14","1148","1990-11-03 00:42:26","Guess information down cup husband","3",""
"166","14","853","1975-04-30 13:00:44","Wish table trip whole meeting","4",""
"167","36","1521","1974-12-20 06:13:09","Road consumer me pull management","1",""
"168","36","1768","1972-10-18 11:43:10","Financial glass personal apply","1",""
"169","36","1751","1980-12-17 23:12:58","Entire we road relate your","1",""
"170","36","784","2015-10-29 12:55:39","Central rich evening rather","2",""
"171","36","1958","1980-12-13 15:35:20","Strong bill professor lot himself","5",""
"172","36","492","2001-03-08 01:42:01","Trial green soldier economic condition","3",""
"173","36","1747","1994-10-16 04:46:13","Special participant realize","2",""
"174","36","988","1975-05-05 14:32:29","Age technology imagine name address","4",""
"175","36","151","2018-09-24 01:05:53","Team direction effort expert eat","4",""
"176","36","80","2006-11-02 16:04:29","Week product on","4",""
"177","36","1543","1989-05-16 23:32:04","Though center executive less","3",""
"178","91","48","2021-09-17 19:24:35","Industry hope popular after","4",""
"179","24","864","1981-07-04 03:00:53","And live worry who","4",""
"180","24","941","1975-12-15 20:54:07","Friend serve","1",""
"181","24","1861","1978-09-19 00:22:53","Three we grow follow","1",""
"182","18","1548","2019-07-04 17:44:30","Challenge understand community at detail","2",""
"183","18","1665","1974-06-15 20:24:53","School project grow argue range","2",""
"184","18","1051","1984-03-27 09:30:44","Sound miss evening","2",""
"185","65","264","1972-09-05 21:12:44","Safe face prepare toward","2",""
"186","65","1785","1996-12-21 04:37:19","Environment sound","5",""
"187","65","213","2007-01-21 11:11:12","Discuss draw here kind property","2",""
"188","90","1684","1996-06-22 08:07:22","Contain capital back seem","1",""
"189","88","904","1983-12-31 05:41:34","Effect go","3",""
"190","67","516","1977-11-14 15:51:39","Again race activity rise may","1",""
"191","67","1065","1975-02-08 06:00:07","Change wide","4",""
"192","67","1748","1990-05-02 07:59:20","Spend then","5",""
"193","67","1848","2001-01-22 13:56:54","Interesting fire model American","2",""
"194","67","556","2007-11-16 13:43:56","Board degree plan fact","5",""
"195","67","1502","1998-09-21 19:56:07","Class up","5",""
"196","67","1724","1985-09-15 09:58:08","Prepare probably cell important","3",""
"197","58","1110","2012-03-14 21:24:15","Inside mother news level","5",""
"198","21","306","2005-01-29 10:40:08","Certain relate without indicate","5",""
"199","21","404","1999-02-01 17:28:22","Worker born","3",""
"200","21","1894","1976-03-30 11:22:51","Listen standard better","5",""
"201","21","1329","1987-10-26 07:34:34","Offer if drive party","2",""
"202","84","263","2020-04-27 08:20:38","Sing something clearly story anything","1",""
"203","84","122","2012-11-29 10:35:36","Debate growth","3",""
"204","27","1150","2014-05-15 13:04:25","Career face each space","1",""
"205","27","1094","1974-12-23 05:51:02","Receive simply","3",""
"206","27","1528","1975-03-06 14:33:55","Social before present risk next","1",""
"207","59","568","2002-04-10 01:06:37","Serious notice each","3",""
"208","59","1070","1987-08-22 13:33:47","Lawyer bed magazine","3",""
"209","59","881","1994-06-11 03:09:09","Color fill bad resource","4",""
"210","59","36","2006-02-23 23:39:57","Already family final hear nature","2",""
"211","59","1294","2007-01-25 15:59:21","Itself level our social","5",""
"212","59","1197","1998-05-21 16:28:38","Edge eye as way office","5",""
"213","59","1028","1982-10-02 01:42:06","Tv other","5",""
"214","31","461","1999-07-27 03:54:56","Expect particular couple","1",""
"215","31","1224","2005-08-02 20:58:36","The apply available already","3",""
"216","31","1587","1970-05-25 20:23:20","Guess cover position writer","5",""
"217","31","1833","2001-04-28 21:47:38","Hospital walk hear outside","3",""
"218","31","1218","1983-02-17 22:41:30","Boy explain final chance","5",""
"219","31","1819","2015-12-02 13:44:38","Save matter dog deep staff","2",""
"220","31","691","1972-09-14 01:38:56","Bill chance decade","5",""
"221","87","1022","1990-05-30 04:14:20","Environmental professor clearly test","3",""
"222","87","1450","2004-05-18 17:31:24","Issue long medical within remember","1",""
"223","55","1542","2017-12-17 19:04:34","Score fly hospital address","3",""
"224","22","828","1995-02-06 18:50:18","Want huge","5",""
"225","22","757","1992-12-17 18:42:16","Line yet off behavior","4",""
"226","22","70","2008-10-25 04:03:12","Three area","1",""
"227","34","366","1988-10-24 17:40:41","Stock discover","4",""
"228","34","671","2011-10-27 12:59:53","General capital onto","4",""
"229","34","815","1983-08-22 15:42:20","Easy civil body draw scientist","4",""
"230","32","174","1996-10-01 06:05:42","Speak home again down before","4",""
"231","17","1582","1975-06-19 01:15:30","Race professional employee","1",""
"232","17","1399","1979-01-05 04:27:06","Bag general yard police","1",""
"233","11","638","1970-02-02 10:13:41","Enjoy add play it","4",""
"234","8","889","2021-03-03 12:48:57","Pull former west","1",""
"235","8","1059","2016-11-09 10:18:12","About its condition career","3",""
"236","8","1917","2004-11-21 01:19:55","Car such put","3",""
"237","8","43","1986-03-14 08:08:07","Interesting party mother show particular","3",""
"238","44","1455","1997-10-16 18:34:01","Feel sometimes","3",""
"239","44","1444","2021-01-16 04:17:13","Force industry garden believe","3",""
"240","44","998","1986-07-18 07:18:16","Fact everyone save","5",""
"241","44","277","1989-03-25 22:37:17","Actually base cup","3",""
"242","44","1985","1983-09-15 08:54:17","Money subject former line","2",""
"243","44","357","1995-08-07 06:46:27","Message clear institution better","5",""
"244","33","1252","1980-02-12 16:31:35","Impact dog","3",""
"245","33","665","1980-02-19 23:10:18","Seven become story marriage others","5",""
"246","33","286","1991-09-25 02:08:38","End strategy beautiful send","2",""
"247","33","1250","1993-09-21 02:11:56","Raise actually garden director social","5",""
"248","20","1536","2001-09-23 05:26:12","Big upon heavy purpose","1",""
"249","20","1028","1983-02-22 14:49:00","Little possible rather wear","1",""
"250","20","1863","1985-08-24 05:59:06","Skin discover","1",""
"251","20","1906","1986-03-17 09:10:43","Build woman base entire","4",""
"252","10","952","2015-04-25 12:26:09","Southern language later exist","3",""
"253","10","53","2003-10-07 08:36:30","Usually such","3",""
"254","10","1840","2017-06-27 01:32:24","Thing second thing little","4",""
"255","1","1902","1970-07-21 06:20:19","Agree move","2",""
"256","1","1047","1981-10-30 12:24:26","Night myself realize area","2",""
"257","1","63","1974-04-16 00:59:08","Win fly","3",""
"258","1","1385","1974-12-14 13:30:36","Democrat manage","4",""
